{
  "posts": [
    {
      "title": "1번 게시글",
      "content": "1입니다",
      "id": "1"
    },
    {
      "id": "2",
      "title": "2번 게시글",
      "content": "2입니다",
      "createdAt": 1729450762770
    },
    {
      "id": "3",
      "title": "3번 게시글",
      "content": "3입니다",
      "createdAt": 1729450772482
    },
    {
      "id": "4",
      "title": "4번 게시글",
      "content": "4입니다",
      "createdAt": 1729450781093
    },
    {
      "id": "5",
      "title": "5번 게시글",
      "content": "5입니다",
      "createdAt": 1729450789149
    },
    {
      "id": "6",
      "title": "인테리어",
      "content": "디자인",
      "createdAt": 1729664544524
    },
    {
      "id": "7",
      "title": "Hi",
      "content": "Hello",
      "createdAt": 1729665181789
    }
  ]
}